,model_set_0,model_set_1,model_set_2,model_set_3,model_set_4,model_set_5,model_set_6,model_set_7,model_set_8,model_set_9,model_set_10,model_set_11,model_set_12,model_set_13,model_set_14,model_set_15,model_set_16,model_set_17,model_set_18,model_set_19,model_set_20,model_set_21,model_set_22,model_set_23,model_set_24,model_set_25,model_set_26,model_set_27,model_set_28,model_set_29,model_set_30,model_set_31,mean
buy_sell¼öÀÍ·ü,0.1383775575,0.3850269256190476,0.21443209134285712,0.5881370551818182,0.3893000277631579,0.45760611571698107,0.4260751635749999,0.3792511684225353,0.17694141313333336,0.36345090144,0.3647212422727273,-0.05325408534693877,0.05705483552380953,0.19117833440625004,0.1031668279772727,-0.022532346081632626,-0.03031933874545455,0.19276739378723406,0.4784550707435898,0.14088202153191487,0.11002265781081078,-0.0462086363448276,-0.0005085390666666726,-0.008563612566666667,0.0798179738,0.003522785645161291,0.09922589065853654,0.49694731918181817,0.26162341158139535,0.18500192018032788,0.7570833646571429,0.6522706035789473,0.23534229733998388
buy¼öÀÍ·ü,0.4765245944444445,0.3850269256190476,0.21443209134285712,0.59607677771875,0.3893000277631579,0.45760611571698107,0.4260751635749999,0.3792511684225353,0.2606025968928572,0.3824616245,0.37450240178125,0.050052466866666666,0.1887382459642857,0.22929947403571432,0.18728033654838705,0.27678275376190475,0.21061502996774192,0.4082426877575758,0.4784550707435898,0.3290413846470588,0.1947868561612903,0.12289276021052631,0.25606365242857143,0.21369139199999998,0.09736736604166667,0.0225239115,0.24242145864285708,0.49694731918181817,0.6174911748928571,0.5771306692558139,0.8163762958484848,0.6522706035789473,0.3440728249316449
all¼öÀÍ·ü,0.3848926109666666,0.31513417886666667,0.200450953,0.503996643326087,0.4627300599555556,0.452607315625,0.4924976276557377,0.3792511684225353,0.3633751718441559,0.3333369366567164,0.3081595887833333,0.09824920205882352,0.1559215659423077,0.15936012645,0.14892335808,0.22837807896551726,0.2494803414833333,0.32652770801785713,0.4002900951063829,0.30186761577419363,0.25742305136206894,0.17617272594642858,0.12113101924193549,0.09425797517741936,0.038416400650793645,0.08544732270000001,0.21368123271874997,0.5012642502068965,0.611980663057971,0.613520261276923,0.74203549135,0.6522706035789473,0.32415722950778136
