,model_set_0,model_set_1,model_set_2,model_set_3,model_set_4,model_set_5,model_set_6,model_set_7,model_set_8,model_set_9,model_set_10,model_set_11,model_set_12,model_set_13,model_set_14,model_set_15,model_set_16,model_set_17,model_set_18,model_set_19,model_set_20,model_set_21,model_set_22,model_set_23,model_set_24,model_set_25,model_set_26,model_set_27,model_set_28,model_set_29,model_set_30,model_set_31,mean
buy_sell¼öÀÍ·ü,0.6110644141249999,0.4396456379,0.24807239829411767,0.5585427500588236,0.43329578416666664,0.4612226730882353,0.45951859075999996,0.3183771386923077,0.31942738115686276,0.2753612521034483,0.2508561332083334,0.12567205235294115,0.2717565042222222,0.37062242975000004,0.20940640084210532,0.114819154,0.38784132318181813,0.43259757573684215,0.2822237027307693,0.23987592921875,0.12147331964705883,0.22713675225000002,,,,-0.304166667,0.07519973966666665,1.162107843,-0.8340718953333334,0.5397369506,0.7111111324545455,0.6522706035789473,0.3158964484294182
buy¼öÀÍ·ü,0.7006634778571428,0.4396456379,0.24807239829411767,0.5585427500588236,0.43329578416666664,0.4612226730882353,0.45951859075999996,0.3183771386923077,0.31942738115686276,0.2753612521034483,0.2508561332083334,0.12567205235294115,0.2717565042222222,0.37062242975000004,0.20940640084210532,0.114819154,0.38784132318181813,0.43259757573684215,0.2822237027307693,0.23987592921875,0.12147331964705883,0.22713675225000002,,,,,0.264882943,1.162107843,,0.606522550775862,0.7111111324545455,0.6522706035789473,0.3942704975565852
all¼öÀÍ·ü,0.3848926109666666,0.31513417886666667,0.200450953,0.503996643326087,0.4627300599555556,0.452607315625,0.4924976276557377,0.3792511684225353,0.3633751718441559,0.3333369366567164,0.3081595887833333,0.09824920205882352,0.1559215659423077,0.15936012645,0.14892335808,0.22837807896551726,0.2494803414833333,0.32652770801785713,0.4002900951063829,0.30186761577419363,0.25742305136206894,0.17617272594642858,0.12113101924193549,0.09425797517741936,0.038416400650793645,0.08544732270000001,0.21368123271874997,0.5012642502068965,0.611980663057971,0.613520261276923,0.74203549135,0.6522706035789473,0.32415722950778136
