,model_set_0,model_set_1,model_set_2,model_set_3,model_set_4,model_set_5,model_set_6,model_set_7,model_set_8,model_set_9,model_set_10,model_set_11,model_set_12,model_set_13,model_set_14,model_set_15,model_set_16,model_set_17,model_set_18,model_set_19,model_set_20,model_set_21,model_set_22,model_set_23,model_set_24,model_set_25,model_set_26,model_set_27,model_set_28,model_set_29,model_set_30,model_set_31,mean
buy_sell¼öÀÍ·ü,-0.05590525155555554,0.35909825456000005,0.41160524359375,0.6238805032857143,0.5877170291777778,0.5372373464897958,-0.19011401365714278,0.20846651388709678,0.24648857404545454,0.23045877692500003,0.16931141721875004,0.11519063254054057,0.04486621096551721,-0.22773363259999999,0.015640010727272703,-0.02454841350000001,0.2342767728297872,0.11466354660377358,0.2669691674782609,0.2643362089298246,0.03962298049056604,0.01239851887234043,-0.08503426558823528,-0.05725549870588236,0.11940058510526315,0.056880427222222196,0.0960240172037037,0.3867606819767441,0.37695925237254907,0.46587546660937507,0.5844693833529412,0.4683585048750001,0.1998864047416314
buy¼öÀÍ·ü,0.718112998,0.45475483156521745,0.41160524359375,0.6701827059024391,0.6107712040909091,0.5372373464897958,0.6429748390909092,0.2651444757,0.2748306241230769,0.25170240562162166,0.20182022222580648,0.13606714000000003,0.20993860209523807,0.00768017828571428,0.31073445065217387,0.2523243718260869,0.4262313259393939,0.3148219710487805,0.2669691674782609,0.29565604548148156,0.15181714517391304,0.14924370373333334,0.21551505399999998,0.11778015230769232,0.14365736339130433,0.16225031494444442,0.3541438757142857,0.40813265497560974,0.6111016607567568,0.46813804015873023,0.5844693833529412,0.4683585048750001,0.3466927500810833
all¼öÀÍ·ü,0.5425346519666667,0.4556127468,0.4009446802222223,0.6400103211304348,0.6066799921555556,0.5196665812678571,0.4887820145081968,0.3128792472676057,0.30473050105194804,0.3140069447761194,0.29435081933333335,0.11468335609803923,0.15902222134615382,0.18122261335000003,0.24666430227999997,0.2944234916379311,0.3149550506666667,0.36099059776785714,0.2676392179148936,0.2709197150967742,0.24813937296551725,0.16837877957142858,0.1590513971774194,0.10844923824193549,0.10273396777777778,0.16761477028333338,0.258535712796875,0.44345016708620694,0.46257591353623195,0.4535146785538462,0.5363585207,0.5106864546315789,0.3346940012487627
