,model_set_0,model_set_1,model_set_2,model_set_3,model_set_4,model_set_5,model_set_6,model_set_7,model_set_8,model_set_9,model_set_10,model_set_11,model_set_12,model_set_13,model_set_14,model_set_15,model_set_16,model_set_17,model_set_18,model_set_19,model_set_20,model_set_21,model_set_22,model_set_23,model_set_24,model_set_25,model_set_26,model_set_27,model_set_28,model_set_29,model_set_30,model_set_31,mean
buy_sell¼öÀÍ·ü,0.15965579087499998,0.4029332813636364,0.37793750245833335,0.7116371387368421,0.6066799921555556,0.48736165186666675,0.5403260245348838,0.33367457263636363,0.30451764776562495,0.2484354417142857,0.2113916871724138,0.133142720972973,0.21253833399999994,0.3536954099615385,0.32958619606666667,0.34844922689655167,0.297497869325,0.28758346515,0.20903469594594593,0.23741102897826089,0.1268447842051282,0.11512568292592594,-0.07388591969230768,0.08091787844444445,-0.09687499999999999,-0.070833333,0.06664833300000002,0.3471733559166667,0.5205558790666667,0.44676531255,0.5310434000666666,0.5853507381333334,0.29288502469353334
buy¼öÀÍ·ü,0.7678302178,0.5852266095,0.37793750245833335,0.7116371387368421,0.6066799921555556,0.48736165186666675,0.5403260245348838,0.33367457263636363,0.30451764776562495,0.2484354417142857,0.2113916871724138,0.133142720972973,0.21253833399999994,0.3536954099615385,0.341206665137931,0.34844922689655167,0.297497869325,0.28758346515,0.20903469594594593,0.23741102897826089,0.1268447842051282,0.11512568292592594,-0.007568332166666654,0.08547705775,-0.09687499999999999,,0.08192407366666668,0.36294509636363637,0.5205558790666667,0.44676531255,0.5310434000666666,0.5853507381333334,0.3337795675893719
all¼öÀÍ·ü,0.5425346519666667,0.4556127468,0.4009446802222223,0.6400103211304348,0.6066799921555556,0.5196665812678571,0.4887820145081968,0.3128792472676057,0.30473050105194804,0.3140069447761194,0.29435081933333335,0.11468335609803923,0.15902222134615382,0.18122261335000003,0.24666430227999997,0.2944234916379311,0.3149550506666667,0.36099059776785714,0.2676392179148936,0.2709197150967742,0.24813937296551725,0.16837877957142858,0.1590513971774194,0.10844923824193549,0.10273396777777778,0.16761477028333338,0.258535712796875,0.44345016708620694,0.46257591353623195,0.4535146785538462,0.5363585207,0.5106864546315789,0.3346940012487627
