,model_set_0,model_set_1,model_set_2,model_set_3,model_set_4,model_set_5,model_set_6,model_set_7,model_set_8,model_set_9,model_set_10,model_set_11,model_set_12,model_set_13,model_set_14,model_set_15,model_set_16,model_set_17,model_set_18,model_set_19,model_set_20,model_set_21,model_set_22,model_set_23,model_set_24,model_set_25,model_set_26,model_set_27,model_set_28,model_set_29,model_set_30,model_set_31,mean
buy_sell¼öÀÍ·ü,0.14495066006666668,0.3509861673793104,0.39790551776470595,0.5899931406666667,0.6189909010681819,0.39215500085416677,0.24728082151063827,0.3336632762786886,0.2032959093125,0.31672692490196075,0.12776089572727273,-0.03586234770967741,0.041589837815789475,-0.16604469331428579,0.11917486639999994,-0.023451278476190513,0.05103310747916671,0.33934785570588233,0.2554139835217391,0.17520276850877192,0.06663353836363636,-0.12769594513636362,0.0036268804210526128,0.06864475664000001,0.08050669115789474,0.08269797941860464,0.1685563453448276,0.29707437581395346,0.1829423386530612,0.46595109130158735,0.5772803248,-0.15871190013333336,0.19336311850333987
buy¼öÀÍ·ü,0.9207562158333333,0.4318705042962963,0.39790551776470595,0.666115158175,0.6189909010681819,0.4497464013043479,0.7748216579199999,0.3336632762786886,0.2491152325,0.33849398127083336,0.21452631541935485,0.06970767782142857,0.141561180125,0.04727568693749997,0.36025810291999993,0.2373734084545454,0.3182026797666667,0.4260340222093023,0.26964540537777776,0.24643543528846154,0.1809355505957447,0.03543045963636363,0.35926946633333334,0.18476569809090912,0.08156169025000001,0.14663852114814813,0.34725447416216215,0.3937343205263158,0.49233926847058823,0.4682513777258065,0.5772803248,0.24893403818181817,0.3446529359578941
all¼öÀÍ·ü,0.5425346519666667,0.4556127468,0.4009446802222223,0.6400103211304348,0.6066799921555556,0.5196665812678571,0.4887820145081968,0.3128792472676057,0.30473050105194804,0.3140069447761194,0.29435081933333335,0.11468335609803923,0.15902222134615382,0.18122261335000003,0.24666430227999997,0.2944234916379311,0.3149550506666667,0.36099059776785714,0.2676392179148936,0.2709197150967742,0.24813937296551725,0.16837877957142858,0.1590513971774194,0.10844923824193549,0.10273396777777778,0.16761477028333338,0.258535712796875,0.44345016708620694,0.46257591353623195,0.4535146785538462,0.5363585207,0.5106864546315789,0.3346940012487627
