,model_set_0,model_set_1,model_set_2,model_set_3,model_set_4,model_set_5,model_set_6,model_set_7,model_set_8,model_set_9,model_set_10,model_set_11,model_set_12,model_set_13,model_set_14,model_set_15,model_set_16,model_set_17,model_set_18,model_set_19,model_set_20,model_set_21,model_set_22,model_set_23,model_set_24,model_set_25,model_set_26,model_set_27,model_set_28,model_set_29,model_set_30,model_set_31,mean
buy_sell¼öÀÍ·ü,0.14435722917647062,0.4829524025833334,0.5746019669722222,0.8475641349210526,0.8826536189111112,0.7229655970208335,0.08753819614285717,0.3635824537313433,0.37044140662666675,0.3753649485238095,0.008373386075000022,0.030979292404255315,0.10543259965306123,-0.002673453116279074,0.31781086833333344,0.33856279321739136,0.10665114494594599,0.29968776558333315,0.2315532322444444,0.009187339576923064,0.09999190910000001,0.06311929535714288,-0.04509817379310345,-0.0671794558,0.0839933826170213,0.06997719673333334,0.28318345925454536,0.29517363646000006,0.2414306502765957,0.28061760096000005,0.12957992144117653,0.8159334014210525,0.2671346796110898
buy¼öÀÍ·ü,0.6727318616363637,0.5978633766086957,0.5746019669722222,0.9670911184444445,0.8826536189111112,0.7738240452173915,0.5640069669354839,0.3635824537313433,0.3872474375890412,0.530131611657143,0.24598967631250002,0.07466840761538461,0.10705619547916667,0.15281867135,0.506427267763158,0.402748648875,0.4629294073548388,0.3217555903829786,0.2816340483243243,0.1938992557027027,0.1153909886756757,0.22574102546153846,0.15512235750000003,-0.042799603518518525,0.12461349824324326,0.12882851023684214,0.6003258430967741,0.5125638522307694,0.49356609182051275,0.5468037795897437,0.4777037646896552,0.9041642693888888,0.4158026876337007
all¼öÀÍ·ü,0.6316285903000001,0.5584407858,0.5746019669722222,0.9151459660434781,0.8826536189111112,0.7385312114285715,0.637529508442623,0.35426384130985916,0.3712664985844156,0.38977932208955224,0.36476644263333335,0.11351936839215687,0.09815642098076924,0.12512589576666666,0.2804690891066666,0.38777113179310346,0.43880368285,0.44815422655357146,0.26453984276595743,0.2859909683387098,0.2084979349655172,0.17769839773214285,0.14819502956451616,0.05999314540322581,0.1109240575873016,0.1780372698833333,0.354234888328125,0.5159771033793104,0.6160308244782609,0.6137788756153846,0.689272763675,0.8972199511052631,0.4197187068993797
