,model_set_0,model_set_1,model_set_2,model_set_3,model_set_4,model_set_5,model_set_6,model_set_7,model_set_8,model_set_9,model_set_10,model_set_11,model_set_12,model_set_13,model_set_14,model_set_15,model_set_16,model_set_17,model_set_18,model_set_19,model_set_20,model_set_21,model_set_22,model_set_23,model_set_24,model_set_25,model_set_26,model_set_27,model_set_28,model_set_29,model_set_30,model_set_31,mean
buy_sell¼öÀÍ·ü,0.14513791905882353,0.6042606878888889,0.5619630780833333,0.8256554324761903,0.8423050350444444,0.7396618978367349,0.1109342881875,0.3349648412580646,0.3712664985844156,0.27043341218,-0.021218003648648627,0.0074148327551020275,0.109319221,-0.029454699853658537,0.20700516846551728,0.4439594339347826,0.09976424194871801,0.1910791542156863,0.1312441185,0.10064841897826086,0.027093533638297893,0.06720423927777777,-0.01772212745454548,0.049981318791666667,0.11582030293181819,0.10818080908888889,0.254939552326923,0.3349429373333333,-0.10590271350980399,0.46744790317307694,0.5672113112564103,0.8972199511052631,0.27539881233916447
buy¼öÀÍ·ü,0.62603081875,0.6042606878888889,0.5845191660285713,0.932134282525,0.8820811298636364,0.7901487322765959,0.5152526428157894,0.35712585932203395,0.3712664985844156,0.4360335920930232,0.21325625381481483,0.0716742938095238,0.12512529906976744,0.15456066599999999,0.3697235763170732,0.486534449952381,0.4595704063225807,0.3353102042916667,0.19931511565714286,0.2666113538275862,0.12290785305128207,0.24431116708333334,0.30218764571428564,0.049016925675,0.13451943710526318,0.17295156748648646,0.715706789173913,0.5632201113947368,0.4454357506428571,0.6091552296818181,0.7041735955142858,0.8972199511052631,0.42941690790121934
all¼öÀÍ·ü,0.6316285903000001,0.5584407858,0.5746019669722222,0.9151459660434781,0.8826536189111112,0.7385312114285715,0.637529508442623,0.35426384130985916,0.3712664985844156,0.38977932208955224,0.36476644263333335,0.11351936839215687,0.09815642098076924,0.12512589576666666,0.2804690891066666,0.38777113179310346,0.43880368285,0.44815422655357146,0.26453984276595743,0.2859909683387098,0.2084979349655172,0.17769839773214285,0.14819502956451616,0.05999314540322581,0.1109240575873016,0.1780372698833333,0.354234888328125,0.5159771033793104,0.6160308244782609,0.6137788756153846,0.689272763675,0.8972199511052631,0.4197187068993797
