,model_set_0,model_set_1,model_set_2,model_set_3,model_set_4,model_set_5,model_set_6,model_set_7,model_set_8,model_set_9,model_set_10,model_set_11,model_set_12,model_set_13,model_set_14,model_set_15,model_set_16,model_set_17,model_set_18,model_set_19,model_set_20,model_set_21,model_set_22,model_set_23,model_set_24,model_set_25,model_set_26,model_set_27,model_set_28,model_set_29,model_set_30,model_set_31,mean
buy_sell¼öÀÍ·ü,0.10824492087499998,0.7200254225714285,0.6305449123076923,0.7374070680555556,0.8423050350444444,0.5944067489130436,0.12056358942105258,0.35426384130985916,0.3843010784109589,0.35346552572,0.28131565831428573,0.11776318177083334,0.11129053114583332,0.1801466036904762,0.36249882959615387,0.47415463667441854,0.4259935269130435,0.36672414606976744,0.2525859542682927,0.27669186380487804,0.1626282440967742,0.07773974276923078,0.12986188237500004,-0.054158804041666654,-0.07018944910526315,-0.012678785899999994,0.09361460793333332,0.650580040625,0.5542840256249999,0.6067576979210525,0.8378428334,0.9495099483888888,0.36314015809263644
buy¼öÀÍ·ü,0.6366166665999999,0.7200254225714285,0.6305449123076923,0.8574852231470588,0.8820811298636364,0.7491880357857144,0.4586878919375,0.35426384130985916,0.3843010784109589,0.35346552572,0.28131565831428573,0.11776318177083334,0.11129053114583332,0.1801466036904762,0.36249882959615387,0.47415463667441854,0.4259935269130435,0.36672414606976744,0.2525859542682927,0.27669186380487804,0.1626282440967742,0.07773974276923078,0.12986188237500004,-0.054158804041666654,-0.07018944910526315,-0.012678785899999994,0.10863469899999999,0.650580040625,0.5542840256249999,0.6067576979210525,0.8378428334,0.9495099483888888,0.4005198979704952
all¼öÀÍ·ü,0.6316285903000001,0.5584407858,0.5746019669722222,0.9151459660434781,0.8826536189111112,0.7385312114285715,0.637529508442623,0.35426384130985916,0.3712664985844156,0.38977932208955224,0.36476644263333335,0.11351936839215687,0.09815642098076924,0.12512589576666666,0.2804690891066666,0.38777113179310346,0.43880368285,0.44815422655357146,0.26453984276595743,0.2859909683387098,0.2084979349655172,0.17769839773214285,0.14819502956451616,0.05999314540322581,0.1109240575873016,0.1780372698833333,0.354234888328125,0.5159771033793104,0.6160308244782609,0.6137788756153846,0.689272763675,0.8972199511052631,0.4197187068993797
