,model_set_0,model_set_1,model_set_2,model_set_3,model_set_4,model_set_5,model_set_6,model_set_7,model_set_8,model_set_9,model_set_10,model_set_11,model_set_12,model_set_13,model_set_14,model_set_15,model_set_16,model_set_17,model_set_18,model_set_19,model_set_20,model_set_21,model_set_22,model_set_23,model_set_24,model_set_25,model_set_26,model_set_27,model_set_28,model_set_29,model_set_30,model_set_31,mean
buy_sell¼öÀÍ·ü,0.04228375866666667,0.061963562,0.2022214517777778,-0.0027522771904761787,-0.0027569991052631576,-0.03552896078125,0.0008153181764705861,0.014572496842105265,-0.009483513599999997,-0.01173829719047619,0.043663226761904775,-0.025727603944444448,-0.026097473541666662,0.04167196432142858,-0.057010949852941174,-0.013836707000000009,0.06987194563888889,0.052374228384615376,0.043259599064516124,0.08842619382500001,-0.00104950496969697,-0.023260515192307686,0.014840433000000009,0.02136959211111111,-0.10531601283333332,-0.017899898447368435,0.0522625006969697,0.04543155171052631,0.00035520656451613496,-0.0005389168596491125,-0.020594471333333347,0.025847463562500013,0.014613699726962205
buy¼öÀÍ·ü,0.12543218658333333,0.08121741328571429,0.2022214517777778,0.04464660356250001,0.09036793750000001,-0.018380602333333333,0.0702440572,0.010347798,-0.009483513599999997,-0.021944710874999995,0.0893706230714286,-0.03417387300000001,0.020438656249999996,0.039994687,0.06513829637499999,0.0666328625,0.1359189998125,0.06741393903846155,-0.013104293250000001,0.09464482745454546,0.04058786472727272,-0.034828893764705875,0.05332501266666668,0.09806058233333333,-0.06432098574999999,0.13983513859999996,0.11067045027272729,0.07122209985714285,-0.044916032897959174,-0.03860977914893616,-0.12457983707692309,-0.010037295111111092,0.0407297397206386
all¼öÀÍ·ü,0.1457979382,0.13206980210000002,0.14738685600000004,0.09453482795652177,0.09985264393333332,0.05359447969642859,0.017224425639344263,-0.022758271788732392,-0.017389749844155845,0.007695059567164182,0.013903734766666665,0.017217302098039216,0.00964934355769231,0.020661860716666668,0.06744249870666669,0.0483889652586207,0.05969324813333334,0.05409846019642856,-0.048561697744680846,0.026564964838709675,0.033497547913793106,0.014427133107142855,0.05006538509677421,0.025058028193548385,0.08797126623809524,0.11208175533333332,0.08039202814062499,0.017970961431034473,-0.07282559395652174,-0.08048110996923076,-0.102055880625,-0.0544154102105263,0.03246102508378482
