,model_set_0,model_set_1,model_set_2,model_set_3,model_set_4,model_set_5,model_set_6,model_set_7,model_set_8,model_set_9,model_set_10,model_set_11,model_set_12,model_set_13,model_set_14,model_set_15,model_set_16,model_set_17,model_set_18,model_set_19,model_set_20,model_set_21,model_set_22,model_set_23,model_set_24,model_set_25,model_set_26,model_set_27,model_set_28,model_set_29,model_set_30,model_set_31,mean
buy_sell¼öÀÍ·ü,,,,0.174863388,,,,,,-0.044989775,-0.044989775,,0.094117647,0.094117647,-0.201152267,0.094117647,,,,,,,,,-0.723756906,-0.723756906,,-0.29069789749999997,-0.0800779875,,,,-0.15020047136363635
buy¼öÀÍ·ü,,,,,,,,,,,,,,,,,,,,,,,,,,,,,-0.0800779875,,,,-0.0800779875
all¼öÀÍ·ü,0.1457979382,0.13206980210000002,0.14738685600000004,0.09453482795652177,0.09985264393333332,0.05359447969642859,0.017224425639344263,-0.022758271788732392,-0.017389749844155845,0.007695059567164182,0.013903734766666665,0.017217302098039216,0.00964934355769231,0.020661860716666668,0.06744249870666669,0.0483889652586207,0.05969324813333334,0.05409846019642856,-0.048561697744680846,0.026564964838709675,0.033497547913793106,0.014427133107142855,0.05006538509677421,0.025058028193548385,0.08797126623809524,0.11208175533333332,0.08039202814062499,0.017970961431034473,-0.07282559395652174,-0.08048110996923076,-0.102055880625,-0.0544154102105263,0.03246102508378482
