,model_set_0,model_set_1,model_set_2,model_set_3,model_set_4,model_set_5,model_set_6,model_set_7,model_set_8,model_set_9,model_set_10,model_set_11,model_set_12,model_set_13,model_set_14,model_set_15,model_set_16,model_set_17,model_set_18,model_set_19,model_set_20,model_set_21,model_set_22,model_set_23,model_set_24,model_set_25,model_set_26,model_set_27,model_set_28,model_set_29,model_set_30,model_set_31,mean
buy_sell¼öÀÍ·ü,0.04508656831249999,0.10740668788888888,0.12665482313333334,0.0681904371,-0.051380797941176455,-0.031320118919999994,-0.06300800237142856,0.042906187764705894,-0.0029631951923076907,-0.007936575650000003,0.1011317617,-0.056697814199999995,-0.034904698166666664,0.03137967738461538,-0.03616118941176471,-0.08154540352,0.06689409161764705,0.053361744128205116,0.06322428840740739,0.06486879297674421,0.02915566751351351,-0.0230809978076923,0.03362979060606061,0.05030591717142857,0.007850375185185181,0.00075827700000002,0.063961005,0.08093201436842105,0.0022066546451612826,-0.00701661951724138,-0.022342029363636353,0.030015615600000004,0.020361341732559473
buy¼öÀÍ·ü,0.12248576553846152,0.12239502387499998,0.13659445335714288,0.10701263875,0.052902164428571444,-0.023864981214285708,-0.07767301985714285,0.029876411538461548,-0.017259039,0.015956140625000004,0.11102289250000001,-0.06158726471428572,-0.012163169285714296,0.060399641428571425,0.05325261333333334,-0.03862801042857143,0.12228538185714286,0.08445017583333332,0.000132102849999996,0.079497788,0.054205225919999996,0.006543304625000003,0.09407484640000001,0.13348955238461538,-0.052664014777777775,0.1758368168571429,0.1177125785,0.06528925333333334,-0.037023132625,-0.045502789,-0.12336423533333331,-0.006707604874999995,0.03903054721324997
all¼öÀÍ·ü,0.1457979382,0.13206980210000002,0.14738685600000004,0.09453482795652177,0.09985264393333332,0.05359447969642859,0.017224425639344263,-0.022758271788732392,-0.017389749844155845,0.007695059567164182,0.013903734766666665,0.017217302098039216,0.00964934355769231,0.020661860716666668,0.06744249870666669,0.0483889652586207,0.05969324813333334,0.05409846019642856,-0.048561697744680846,0.026564964838709675,0.033497547913793106,0.014427133107142855,0.05006538509677421,0.025058028193548385,0.08797126623809524,0.11208175533333332,0.08039202814062499,0.017970961431034473,-0.07282559395652174,-0.08048110996923076,-0.102055880625,-0.0544154102105263,0.03246102508378482
