,model_set_0,model_set_1,model_set_2,model_set_3,model_set_4,model_set_5,model_set_6,model_set_7,model_set_8,model_set_9,model_set_10,model_set_11,model_set_12,model_set_13,model_set_14,model_set_15,model_set_16,model_set_17,model_set_18,model_set_19,model_set_20,model_set_21,model_set_22,model_set_23,model_set_24,model_set_25,model_set_26,model_set_27,model_set_28,model_set_29,model_set_30,model_set_31,mean
buy_sell¼öÀÍ·ü,0.109990474875,0.10729564709999999,0.102214944,0.25485166249999996,-0.026080817166666662,0.10045876285714285,0.12876085925000003,0.09233806031249998,0.05113919086486487,0.0359192645,0.06660302208695654,0.07219303376666666,0.09408579234482757,0.04815342282758621,0.12078557461764707,0.05688855600000001,0.0979999287777778,-0.018092220062500008,0.0341829371111111,0.07401673013999999,0.02018611839534884,0.035089093805555555,0.063180128675,-0.038651179657894726,-0.011049548609756094,0.06127139695555554,-0.055161539875,0.09421835287755104,0.05161537342105265,0.09578632333898308,-0.03834171265,0.22472197081818182,0.06583030013117162
buy¼öÀÍ·ü,0.11095271842857143,0.09875236028571428,0.13732978280000002,0.2976088984,-0.025165416249999996,0.41502479966666667,0.11890172272222224,0.08091464109999998,0.04859146997222222,0.03189135967741935,0.0730407613,0.08942892064285714,0.11053990659999999,0.03322526753846154,0.13487298729411765,0.055260628076923085,0.13343182630000003,-0.026840821000000015,0.02388991403448275,0.0893759516470588,0.02092505230434783,0.1324702205,0.12029786725,-0.06435399323809522,0.009467547375000003,0.09404851875862066,0.03423649954285713,0.10252926502857145,0.20594230150000004,0.16903900134146344,-0.048089760909090916,0.28519411533333333,0.09664794731324142
all¼öÀÍ·ü,0.09856573323333333,0.10581607216666668,0.14471160944444442,0.18178012480434785,0.18076977888888893,0.14178241092857144,0.09183357895081967,0.013334568647887327,0.039934336233766236,0.04546091017910448,0.04763882848333333,0.02552412421568628,-0.023483222769230767,-0.023069975116666665,0.019294544613333336,0.051544354224137924,0.06916654118333335,0.04431348441071429,0.010869422382978715,0.04031359859677419,0.005367989568965519,0.044691013053571434,0.015870395193548385,-0.0012583943064516181,0.03245172992063492,0.0287599415,0.0814048845625,0.04448003787931035,0.12323220185507244,0.1307580442307692,0.159015063625,0.33278438800000004,0.07198931621203576
