,model_set_0,model_set_1,model_set_2,model_set_3,model_set_4,model_set_5,model_set_6,model_set_7,model_set_8,model_set_9,model_set_10,model_set_11,model_set_12,model_set_13,model_set_14,model_set_15,model_set_16,model_set_17,model_set_18,model_set_19,model_set_20,model_set_21,model_set_22,model_set_23,model_set_24,model_set_25,model_set_26,model_set_27,model_set_28,model_set_29,model_set_30,model_set_31,mean
buy_sell¼öÀÍ·ü,,,,,,,,,,,,,0.2173813605,0.2173813605,0.261720907,0.0037055334999999967,-0.2073970895,-0.07684305633333333,-0.057579484999999986,-0.17850173249999998,-0.16349658625,-0.2794171183333333,-0.24673306450000002,0.0629722758,0.07383177179999997,-0.06468013287500002,-0.08285544980000001,-0.13772826383333334,-0.3985999576666667,-0.4497115706666667,,,-0.08369723878657409
buy¼öÀÍ·ü,,,,,,,,,,,,,,,,,,,,,,,,,,,,0.01678585199999999,,,,,0.01678585199999999
all¼öÀÍ·ü,0.09856573323333333,0.10581607216666668,0.14471160944444442,0.18178012480434785,0.18076977888888893,0.14178241092857144,0.09183357895081967,0.013334568647887327,0.039934336233766236,0.04546091017910448,0.04763882848333333,0.02552412421568628,-0.023483222769230767,-0.023069975116666665,0.019294544613333336,0.051544354224137924,0.06916654118333335,0.04431348441071429,0.010869422382978715,0.04031359859677419,0.005367989568965519,0.044691013053571434,0.015870395193548385,-0.0012583943064516181,0.03245172992063492,0.0287599415,0.0814048845625,0.04448003787931035,0.12323220185507244,0.1307580442307692,0.159015063625,0.33278438800000004,0.07198931621203576
