,model_set_0,model_set_1,model_set_2,model_set_3,model_set_4,model_set_5,model_set_6,model_set_7,model_set_8,model_set_9,model_set_10,model_set_11,model_set_12,model_set_13,model_set_14,model_set_15,model_set_16,model_set_17,model_set_18,model_set_19,model_set_20,model_set_21,model_set_22,model_set_23,model_set_24,model_set_25,model_set_26,model_set_27,model_set_28,model_set_29,model_set_30,model_set_31,mean
buy_sell¼öÀÍ·ü,0.12064689440000001,0.12033128155555556,0.07265411833333334,0.2976088984,0.018586056333333347,0.07504465644444444,0.11674947525925929,0.08915308592307691,0.05240673586111111,0.023174721250000002,0.005941876083333336,0.08511734848387097,0.09214270076666665,0.049354078484848476,0.04593220545945946,0.020910680047619045,0.08316847207142855,-0.0415897246969697,0.01669315091891892,0.06502650849999998,0.01236550156097561,0.029183243410256417,0.05773590099999999,-0.017115602268292687,-0.007111744720930236,0.0884944903695652,0.030748359553571424,0.014356410923076926,0.041906843586206895,0.06506754562962964,-0.020452359333333336,0.22472197081818182,0.060279805637756166
buy¼öÀÍ·ü,0.13345400200000002,0.11688193083333333,0.0977185665,0.2976088984,0.11607664871428573,0.24345299339999998,0.10726635470833334,0.08501945249999998,0.05240673586111111,0.023174721250000002,0.010360655894736845,0.094463292,0.11047643944444445,0.02719971333333333,0.06698314453333334,0.014103093124999994,0.12604635066666664,-0.04257226078947368,0.00999835824137931,0.07468240470588235,0.01683839132,0.08458190721052633,0.09278266347368419,-0.02498722268181819,0.021671999571428575,0.12526258685185185,0.09975889477777777,0.04198532624324325,0.19859835770833334,0.1962415731724138,-0.00539201166666667,0.28519411533333333,0.09054181489488977
all¼öÀÍ·ü,0.09856573323333333,0.10581607216666668,0.14471160944444442,0.18178012480434785,0.18076977888888893,0.14178241092857144,0.09183357895081967,0.013334568647887327,0.039934336233766236,0.04546091017910448,0.04763882848333333,0.02552412421568628,-0.023483222769230767,-0.023069975116666665,0.019294544613333336,0.051544354224137924,0.06916654118333335,0.04431348441071429,0.010869422382978715,0.04031359859677419,0.005367989568965519,0.044691013053571434,0.015870395193548385,-0.0012583943064516181,0.03245172992063492,0.0287599415,0.0814048845625,0.04448003787931035,0.12323220185507244,0.1307580442307692,0.159015063625,0.33278438800000004,0.07198931621203576
