,model_set_0,model_set_1,model_set_2,model_set_3,model_set_4,model_set_5,model_set_6,model_set_7,model_set_8,model_set_9,model_set_10,model_set_11,model_set_12,model_set_13,model_set_14,model_set_15,model_set_16,model_set_17,model_set_18,model_set_19,model_set_20,model_set_21,model_set_22,model_set_23,model_set_24,model_set_25,model_set_26,model_set_27,model_set_28,model_set_29,model_set_30,model_set_31,mean
buy_sell¼öÀÍ·ü,0.1026052235652174,0.1591653789,0.1095939235882353,-0.011456372250000027,0.21715607257142858,0.01800913884848486,0.07145685891999999,0.07521858267499999,-0.012493427440000017,-0.030433370216216216,-0.07809557794871796,-0.08495542981249998,0.0302712832,-0.026730486621621637,-0.05605034428813561,-0.03573917848837209,-0.11379165316666667,-0.1087295884,-0.04638800104761905,-0.03994671543750001,-0.07864580663414636,-0.015016002710526312,-0.01917145062068966,-0.07373958788235292,0.003499116700000007,0.1262626022972973,0.13583534574468084,0.03483462648837209,0.11440355366037736,0.12348372873170732,0.04708022012499999,0.09850476383333336,0.01987491959012719
buy¼öÀÍ·ü,0.1524306825,0.15305729499999998,0.1095939235882353,0.13359110344444441,0.21767264725925928,0.16905871465217392,0.1218113163414634,0.04744543420588235,-0.0159149944130435,-0.12391734800000001,-0.25292645175,-0.09515128210526314,0.12116599171428573,0.11771910399999999,0.029184459454545456,-0.007104398935483863,-0.10426537258333335,-0.09959904232142856,-0.07867462496969699,-0.06979869040000002,-0.06838915493548388,-0.09368393415384615,-0.023262576875000003,-0.08424677559999999,-0.02361255216129032,0.059813548312499985,0.11209804430434782,-0.079780345,-0.044094001333333334,-0.0265584155,-0.15020092309090913,-0.23832132925,-0.004214373393780454
all¼öÀÍ·ü,0.1192887874,0.09776529419999999,0.1288982936111111,0.28968957195652173,0.2939778540888889,0.20457979603571427,0.11398604931147542,0.020577141915492963,0.007958743883116882,0.034979454970149246,0.0761255453,-0.012210830274509808,0.011563848634615393,0.031042583333333353,0.06172815429333333,0.02095795722413793,0.030557335150000007,0.001038751642857145,-0.07889819165957447,-0.03657693562903225,-0.03462938779310344,-0.06046172499999999,-0.061077147516129034,-0.07709686061290322,-0.06228368480952381,-0.03948208383333333,-0.025967258750000007,-0.027188709327586207,-0.10376107615942029,-0.09984199829230768,-0.11663520674999998,-0.1882595271578947,0.016260766855794664
