,model_set_0,model_set_1,model_set_2,model_set_3,model_set_4,model_set_5,model_set_6,model_set_7,model_set_8,model_set_9,model_set_10,model_set_11,model_set_12,model_set_13,model_set_14,model_set_15,model_set_16,model_set_17,model_set_18,model_set_19,model_set_20,model_set_21,model_set_22,model_set_23,model_set_24,model_set_25,model_set_26,model_set_27,model_set_28,model_set_29,model_set_30,model_set_31,mean
buy_sell¼öÀÍ·ü,0.21551425817391304,0.08520733800000002,0.052276483851851845,0.25716352709375007,0.27126609405263163,0.13141761968,0.2820291450434783,0.10920090151428571,-0.06656423579069769,-0.012615984333333323,-0.018207246896551718,0.03286162529268291,-0.019285132675000004,-0.0023571538888888803,-0.05094418938461538,-0.1721677892,0.06833838858064513,0.0948251561627907,0.017364959743589755,0.09275182335555557,0.0851802150263158,0.08342056099999999,0.10149272624324322,0.060939475840909064,-0.01804975811627907,0.10841968984615384,-0.0217013186875,-0.021457183613636355,0.08573857835000001,0.006196914483870973,0.270450286125,-0.05829018953846153,0.06407548704174074
buy¼öÀÍ·ü,0.29157143764705884,0.19872014215789477,0.1372977039047619,0.4211462194285715,0.436942620875,0.318860688,0.8698943631666668,0.10920090151428571,-0.001072590379310351,,-0.025125627999999997,-0.006530100533333341,-0.072650693875,-0.003349781707317067,0.048986327882352944,-0.07983382527777777,0.18440115688888886,0.1549859444347826,-0.05398704512903225,0.06289984304545454,0.03390870489473684,-0.022213666285714282,0.24530093028571423,-0.11017865382352943,-0.0881134666923077,0.15770162226666665,-0.014442014545454544,-0.01917845383333334,0.3360914172,0.049963509181818175,0.3148337596666666,-0.2262232325,0.11773574644707129
all¼öÀÍ·ü,0.1940059236,0.18082550703333328,0.2742512516388889,0.5401972494130434,0.5473633586444444,0.40212493573214286,0.2460821486065574,0.04484051740845071,0.05387384042857144,0.09039340289552238,0.13140242158333335,-0.003939572843137258,-0.026056079346153845,-0.005018043066666667,0.08349876733333333,0.07631852172413794,0.11415630751666668,0.067402815875,-0.0603606749574468,0.01568835420967742,-0.027984222758620697,-0.024942306928571436,-0.04829698932258064,-0.11350841420967743,-0.05920340079365079,-0.037519375449999996,0.025962815640625005,0.010056291362068967,-0.004299423159420296,0.005085556723076918,-0.001834430875000015,0.0905998844736842,0.08691146681661348
