,model_set_0,model_set_1,model_set_2,model_set_3,model_set_4,model_set_5,model_set_6,model_set_7,model_set_8,model_set_9,model_set_10,model_set_11,model_set_12,model_set_13,model_set_14,model_set_15,model_set_16,model_set_17,model_set_18,model_set_19,model_set_20,model_set_21,model_set_22,model_set_23,model_set_24,model_set_25,model_set_26,model_set_27,model_set_28,model_set_29,model_set_30,model_set_31,mean
buy_sell¼öÀÍ·ü,0.18115835104347827,0.12812847009090908,0.016480074869565244,0.014929962294117641,0.19840435993548386,-0.006823622968749998,0.05304868209756097,0.026683875318181817,0.010686420907407415,-0.040943224090909086,-0.051102130384615384,-0.05591473053846153,0.012206290675675673,-0.05198729434210527,-0.07954830687931036,-0.09027226523076924,-0.06355907473809524,-0.06179769772093024,-0.058976091225000006,0.04351639025531916,0.0008040316097561025,-0.041899026891891886,0.007175249757575756,0.00717721443750001,0.021091922270270274,0.21135295752941174,0.14534354150000003,0.08411028387500001,0.10719852983333336,0.110310321,0.09259286524999999,0.06282358178947368,0.02913749722903693
buy¼öÀÍ·ü,0.19736232411764706,0.129063279,0.03861290576190479,0.1545235318275862,0.19824422006666664,0.17378752614999998,0.10780540374999999,0.0036352875250000027,-0.005439216439999992,-0.09737179475,-0.15618221300000001,-0.04671865274285713,-0.05225659916666667,-0.01250783525,-0.04040469380000001,-0.06298645663636364,-0.02183856926086955,-0.07354210041379311,-0.09280267868965518,0.007932584923076916,-0.02297980960714287,-0.08833728431578947,0.014530199272727272,-0.058212267740740724,-0.015353233090909083,0.14764833866666666,0.10348590937500002,0.028659777142857137,-0.052388314625000015,-0.36951983299999996,-0.09829823350000001,-0.2383282962,-0.00938052483283296
all¼öÀÍ·ü,0.1192887874,0.09776529419999999,0.1288982936111111,0.28968957195652173,0.2939778540888889,0.20457979603571427,0.11398604931147542,0.020577141915492963,0.007958743883116882,0.034979454970149246,0.0761255453,-0.012210830274509808,0.011563848634615393,0.031042583333333353,0.06172815429333333,0.02095795722413793,0.030557335150000007,0.001038751642857145,-0.07889819165957447,-0.03657693562903225,-0.03462938779310344,-0.06046172499999999,-0.061077147516129034,-0.07709686061290322,-0.06228368480952381,-0.03948208383333333,-0.025967258750000007,-0.027188709327586207,-0.10376107615942029,-0.09984199829230768,-0.11663520674999998,-0.1882595271578947,0.016260766855794664
