,model_set_0,model_set_1,model_set_2,model_set_3,model_set_4,model_set_5,model_set_6,model_set_7,model_set_8,model_set_9,model_set_10,model_set_11,model_set_12,model_set_13,model_set_14,model_set_15,model_set_16,model_set_17,model_set_18,model_set_19,model_set_20,model_set_21,model_set_22,model_set_23,model_set_24,model_set_25,model_set_26,model_set_27,model_set_28,model_set_29,model_set_30,model_set_31,mean
buy_sell¼öÀÍ·ü,0.05505053910000002,0.21178120600000003,0.1364608482142857,-0.26837028425,-0.5360335561333333,-0.08673446214285715,-0.12291127520000002,0.0038225685937499886,0.01263966445714285,0.03883210000000001,-0.1346685908571429,-0.08724517300000002,-0.010608256800000016,,0.082236842,-0.09328346879999998,-0.003995222199999993,-0.0076989128235294135,0.22487209891666668,0.14267751564285713,-0.08945390799999998,0.08076425433333335,0.11185050900000001,0.468934911,0.468934911,0.468934911,0.12760741809090909,0.12882584534782612,0.16390827354166668,0.18681619779999997,0.2545920936666667,0.17105326121428574,0.0677288018939525
buy¼öÀÍ·ü,,,0.215753425,-0.08348926014285715,-0.31020256625000003,-0.219230769,-0.219230769,-0.01324676927586208,-0.008040348238095248,,,,,,,-0.23185592199999996,-0.22874420566666664,-0.2602499786,0.05117413319999999,0.04001497859999999,-0.1429275116,-0.022865853999999998,,,,,,,-0.36951983299999996,,,,-0.12017741666489874
all¼öÀÍ·ü,0.1192887874,0.09776529419999999,0.1288982936111111,0.28968957195652173,0.2939778540888889,0.20457979603571427,0.11398604931147542,0.020577141915492963,0.007958743883116882,0.034979454970149246,0.0761255453,-0.012210830274509808,0.011563848634615393,0.031042583333333353,0.06172815429333333,0.02095795722413793,0.030557335150000007,0.001038751642857145,-0.07889819165957447,-0.03657693562903225,-0.03462938779310344,-0.06046172499999999,-0.061077147516129034,-0.07709686061290322,-0.06228368480952381,-0.03948208383333333,-0.025967258750000007,-0.027188709327586207,-0.10376107615942029,-0.09984199829230768,-0.11663520674999998,-0.1882595271578947,0.016260766855794664
