,model_set_0,model_set_1,model_set_2,model_set_3,model_set_4,model_set_5,model_set_6,model_set_7,model_set_8,model_set_9,model_set_10,model_set_11,model_set_12,model_set_13,model_set_14,model_set_15,model_set_16,model_set_17,model_set_18,model_set_19,model_set_20,model_set_21,model_set_22,model_set_23,model_set_24,model_set_25,model_set_26,model_set_27,model_set_28,model_set_29,model_set_30,model_set_31,mean
buy_sell¼öÀÍ·ü,-0.038534099300000006,-0.14250141116666667,-0.10402771914285713,0.17342064349999997,0.16519445156666665,0.08005513467647057,0.00867514059259259,0.07653214917857143,0.07209868362745099,0.04379728563043477,-0.041409550162162176,-0.07849144148387098,-0.006739046370370372,-0.018655473171428568,-0.011402475642857143,-0.04867018082926829,-0.056239011378378376,-0.022960630842105267,-0.09732419556250001,-0.08423079876744186,-0.08546840992682929,-0.013930153394736852,0.028723839882352935,0.021401557069767433,-0.12443154852173914,-0.06277357119148937,0.014388998666666647,-0.013241713333333339,0.07210094883333333,0.01579533787804879,-0.11956965833333334,-0.14940106142857143,-0.017119311838986986
buy¼öÀÍ·ü,-0.04951661644444445,-0.14250141116666667,-0.10402771914285713,0.17444694759999999,0.16519445156666665,0.08005513467647057,0.02900487244,0.07653214917857143,0.07209868362745099,0.07036220360975609,0.05187538332142856,-0.13572793388888887,-0.0695876225,-0.04788623557142857,-0.03602536242857144,-0.06511506832258064,-0.07293041946428572,-0.07180238992,-0.07137468733333334,-0.081870454,-0.10522899092592596,-0.07392880284,-0.12782075192307693,-0.09230500491304348,-0.17678907044736844,-0.11641180257894738,-0.08746068908695653,-0.03840821577272729,0.06642861925,-0.002159798588235291,-0.016615970333333334,-0.23377159225,-0.03853963014288522
all¼öÀÍ·ü,-0.030289256500000007,-0.03678095096666666,-0.05624664413888888,0.15720059463043476,0.15516218744444443,0.1210113111607143,0.09493033706557376,0.0529535258169014,0.03645664984415584,0.039252244447761195,0.07210314081666666,-0.022625519509803915,0.009403680846153843,0.014611007466666668,-0.0024176555466666684,-0.02209149055172414,-0.029732789483333338,-0.04519292026785715,-0.015876563361702133,-0.04335487453225807,-0.04740712479310346,-0.0654811296607143,-0.10414057038709677,-0.11250255506451613,-0.1345314538095238,-0.12859557161666668,-0.08763287948437501,-0.012498149603448281,-0.017919959869565218,-0.007069399569230772,0.004618797024999987,-0.10810847321052634,-0.011649764230099838
