,model_set_0,model_set_1,model_set_2,model_set_3,model_set_4,model_set_5,model_set_6,model_set_7,model_set_8,model_set_9,model_set_10,model_set_11,model_set_12,model_set_13,model_set_14,model_set_15,model_set_16,model_set_17,model_set_18,model_set_19,model_set_20,model_set_21,model_set_22,model_set_23,model_set_24,model_set_25,model_set_26,model_set_27,model_set_28,model_set_29,model_set_30,model_set_31,mean
buy_sell¼öÀÍ·ü,-0.21431053792307694,-0.3962381286,-0.252529319,-1.1023681738,-0.6246972553999999,-0.2642325726666666,-0.2642325726666666,0.0284197288,0.29409733460000004,,0.2021025314,-0.12704685320000003,-0.4165467643333333,-0.318501171,0.1760237756666667,0.08192597428571427,0.721629801,0.35369495679999996,-0.031396301999999994,0.08418368885714285,0.23506899900000003,-0.03839892199999996,0.3602930998333333,0.14613828853333333,0.21028479346153844,0.07064144242857143,0.1577376801111111,0.00448977331578945,0.049000025555555576,0.014105367837209304,0.400521978,-0.027756908999999993,-0.01573858845496056
buy¼öÀÍ·ü,,,,,,,,0.0284197288,0.21466381450000002,,,-0.12704685320000003,-0.4165467643333333,-0.318501171,0.3496892266666667,0.08192597428571427,0.830121786,0.46633652499999995,-0.0741513168,0.08418368885714285,0.23506899900000003,0.23506899900000003,1.020905923,-0.13084788000000003,,,,,,,,,0.16528604531841268
all¼öÀÍ·ü,0.1940059236,0.18082550703333328,0.2742512516388889,0.5401972494130434,0.5473633586444444,0.40212493573214286,0.2460821486065574,0.04484051740845071,0.05387384042857144,0.09039340289552238,0.13140242158333335,-0.003939572843137258,-0.026056079346153845,-0.005018043066666667,0.08349876733333333,0.07631852172413794,0.11415630751666668,0.067402815875,-0.0603606749574468,0.01568835420967742,-0.027984222758620697,-0.024942306928571436,-0.04829698932258064,-0.11350841420967743,-0.05920340079365079,-0.037519375449999996,0.025962815640625005,0.010056291362068967,-0.004299423159420296,0.005085556723076918,-0.001834430875000015,0.0905998844736842,0.08691146681661348
