,model_set_0,model_set_1,model_set_2,model_set_3,model_set_4,model_set_5,model_set_6,model_set_7,model_set_8,model_set_9,model_set_10,model_set_11,model_set_12,model_set_13,model_set_14,model_set_15,model_set_16,model_set_17,model_set_18,model_set_19,model_set_20,model_set_21,model_set_22,model_set_23,model_set_24,model_set_25,model_set_26,model_set_27,model_set_28,model_set_29,model_set_30,model_set_31,mean
buy_sell¼öÀÍ·ü,-0.113725228125,-0.07652401957142858,-0.07817378700000001,0.18237964922222222,0.14349285439999998,0.09576330057894736,0.1217642923488372,0.0771337184,-0.015688720808510644,0.11340895711627907,0.15088401833333331,-0.06755400666666668,0.07507350862962962,-0.022647348407407408,-0.06943922733333333,-0.07168366573333333,-0.022706456951219516,0.002568853488372092,-0.09056804362068965,0.08261199668085108,-0.008785745088888883,-0.06106972677777778,0.04613876920588238,0.027498807309523792,-0.04952401557499999,-0.005795349032258058,0.04693697465454545,0.005845630702702698,0.08855550819512195,0.044275186906249986,-0.0995631473076923,0.057315758000000015,0.015881228005415374
buy¼öÀÍ·ü,-0.113725228125,-0.07652401957142858,-0.07817378700000001,0.18237964922222222,0.14349285439999998,0.12148383712121211,0.13675006975609755,0.078354087,0.007838802733333325,0.11432245957500001,0.22454130447619045,-0.16799095783333332,0.3321158245,-0.0600100975,-0.0603122288,-0.07947360862068967,-0.0439529346969697,-0.027814480764705888,-0.08923519803846153,0.051477737999999995,-0.05290709792000001,-0.065478267375,-0.13186870329999997,-0.08714484035,-0.17617445112,-0.11426297577777778,-0.04404004180769231,-0.011741331789473694,0.06091241746666666,0.012844965214285705,0.10089244225,-0.13897349,-0.0016374152711101358
all¼öÀÍ·ü,-0.030289256500000007,-0.03678095096666666,-0.05624664413888888,0.15720059463043476,0.15516218744444443,0.1210113111607143,0.09493033706557376,0.0529535258169014,0.03645664984415584,0.039252244447761195,0.07210314081666666,-0.022625519509803915,0.009403680846153843,0.014611007466666668,-0.0024176555466666684,-0.02209149055172414,-0.029732789483333338,-0.04519292026785715,-0.015876563361702133,-0.04335487453225807,-0.04740712479310346,-0.0654811296607143,-0.10414057038709677,-0.11250255506451613,-0.1345314538095238,-0.12859557161666668,-0.08763287948437501,-0.012498149603448281,-0.017919959869565218,-0.007069399569230772,0.004618797024999987,-0.10810847321052634,-0.011649764230099838
