,model_set_0,model_set_1,model_set_2,model_set_3,model_set_4,model_set_5,model_set_6,model_set_7,model_set_8,model_set_9,model_set_10,model_set_11,model_set_12,model_set_13,model_set_14,model_set_15,model_set_16,model_set_17,model_set_18,model_set_19,model_set_20,model_set_21,model_set_22,model_set_23,model_set_24,model_set_25,model_set_26,model_set_27,model_set_28,model_set_29,model_set_30,model_set_31,mean
buy_sell¼öÀÍ·ü,,,,0.042506684499999996,-0.1075,-0.06547940166666667,0.03225869366666667,,,,,,,,,,,,,,,,,0.07095259960000003,0.01611743466666669,-0.25080385899999996,0.055942223333333346,0.09836107415384618,0.14137534219999998,0.12941240152631578,0.224615385,,0.03231321483168017
buy¼öÀÍ·ü,,,,,,,,,,,,,,,,,,,,,,,,,,,,,,,,,
all¼öÀÍ·ü,-0.030289256500000007,-0.03678095096666666,-0.05624664413888888,0.15720059463043476,0.15516218744444443,0.1210113111607143,0.09493033706557376,0.0529535258169014,0.03645664984415584,0.039252244447761195,0.07210314081666666,-0.022625519509803915,0.009403680846153843,0.014611007466666668,-0.0024176555466666684,-0.02209149055172414,-0.029732789483333338,-0.04519292026785715,-0.015876563361702133,-0.04335487453225807,-0.04740712479310346,-0.0654811296607143,-0.10414057038709677,-0.11250255506451613,-0.1345314538095238,-0.12859557161666668,-0.08763287948437501,-0.012498149603448281,-0.017919959869565218,-0.007069399569230772,0.004618797024999987,-0.10810847321052634,-0.011649764230099838
