,buy_sell熱櫛睦,buy熱櫛睦,All_Buy,buy_sell熱櫛睦,buy熱櫛睦
0_1_熱櫛睦.csv,0.2090677358083522,0.3495498236730392,0.3241572295077813,-0.115(-2.331),0.025(0.551)
0_3_熱櫛睦.csv,0.1796377507591137,0.3235872886977085,0.3346940012487627,-0.155(-3.384),-0.011(-0.251)
0_6_熱櫛睦.csv,0.2619798576636062,0.398976060271316,0.4197187068993797,-0.158(-2.478),-0.021(-0.33)
1_3_熱櫛睦.csv,0.0101665494340425,0.0299250476956676,0.0324610250837848,-0.022(-1.508),-0.003(-0.161)
3_6_熱櫛睦.csv,0.0535158880573961,0.0795808550449659,0.0719893162120357,-0.022(-1.101),0.003(0.111)
end_1_熱櫛睦.csv,-0.0171193118389869,-0.0385396301428852,-0.0116497642300998,-0.005(-0.281),-0.027(-1.258)
end_3_熱櫛睦.csv,0.0207644886977753,0.0028280347283756,0.0162607668557946,0.005(0.19),-0.013(-0.474)
end_6_熱櫛睦.csv,0.0401133188884652,0.085683319509162,0.0869114668166134,-0.047(-1.297),-0.004(-0.079)
