,smote_mean,ros_mean
정확도,0.7026780844564111,0.7266138915360264
정밀도,0.7265276050235354,0.7365167539820299
재현율,0.8059256481985724,0.8356565807154558
f1_score,0.7097596185065361,0.7309805845109572
정확도_test,0.3224838530136232,0.32400126586065303
정밀도_test,0.4769757382996015,0.4699091305332719
재현율_test,0.5587170073039848,0.6124590879717857
f1_score_test,0.30477871533163226,0.3086023747880077
